{
  "seeds": [
    12345,
    13345,
    14345,
    15345,
    16345
  ],
  "source": "scenario_bucket_v2_osrm_s5_seed_*.json wall_sec",
  "hardware": "one RTX 3060 (GPU methods) + host CPU; no batching across episodes",
  "methods": {
    "reactive_nn": {
      "low": {
        "mean_wall_sec": 0.0023482445003901375,
        "n_episodes": 200
      },
      "medium": {
        "mean_wall_sec": 0.0034063005005009472,
        "n_episodes": 200
      },
      "high": {
        "mean_wall_sec": 0.004444550500193145,
        "n_episodes": 200
      }
    },
    "repair_nn2opt": {
      "low": {
        "mean_wall_sec": 0.010762310000172874,
        "n_episodes": 200
      },
      "medium": {
        "mean_wall_sec": 0.012452061000512913,
        "n_episodes": 200
      },
      "high": {
        "mean_wall_sec": 0.015347480000345968,
        "n_episodes": 200
      }
    },
    "rolling_or": {
      "low": {
        "mean_wall_sec": 2.235255103499912,
        "n_episodes": 200
      },
      "medium": {
        "mean_wall_sec": 2.2242025754998758,
        "n_episodes": 200
      },
      "high": {
        "mean_wall_sec": 2.214378230499497,
        "n_episodes": 200
      }
    },
    "policy_v2_greedy": {
      "low": {
        "mean_wall_sec": 1.921905444499862,
        "n_episodes": 200
      },
      "medium": {
        "mean_wall_sec": 3.073422371499837,
        "n_episodes": 200
      },
      "high": {
        "mean_wall_sec": 4.402734573999988,
        "n_episodes": 200
      }
    },
    "policy_v1_lookahead": {
      "low": {
        "mean_wall_sec": 10.431414721999644,
        "n_episodes": 200
      },
      "medium": {
        "mean_wall_sec": 10.180284906999587,
        "n_episodes": 200
      },
      "high": {
        "mean_wall_sec": 9.98042925250018,
        "n_episodes": 200
      }
    },
    "policy_v1_samplexN": {
      "low": {
        "mean_wall_sec": 48.63256098549995,
        "n_episodes": 200
      },
      "medium": {
        "mean_wall_sec": 24.67073446899987,
        "n_episodes": 200
      },
      "high": {
        "mean_wall_sec": 35.184556352000364,
        "n_episodes": 200
      }
    }
  }
}