{
 "seeds": [
  12345,
  13345,
  14345
 ],
 "buckets": {
  "low": {
   "online_minus_repair": {
    "mean": 0.010677083333333334,
    "ci95": [
     -0.0062499999999999995,
     0.02786458333333333
    ],
    "n": 120
   },
   "hindsight_minus_online": {
    "mean": 0.062239583333333334,
    "ci95": [
     0.04114583333333333,
     0.08749999999999998
    ],
    "n": 120
   },
   "hindsight_minus_repair": {
    "mean": 0.07291666666666667,
    "ci95": [
     0.041666666666666664,
     0.11041666666666668
    ],
    "n": 120
   },
   "hindsight_time_minus_repair_sec": {
    "mean": 445.5293369339411,
    "ci95": [
     353.3308932719147,
     538.3353859885611
    ],
    "n": 120
   },
   "hindsight_time_minus_online_sec": {
    "mean": -370.324389660976,
    "ci95": [
     -443.58730692963945,
     -284.4268497465071
    ],
    "n": 120
   }
  },
  "medium": {
   "online_minus_repair": {
    "mean": -0.004166666666666667,
    "ci95": [
     -0.028125,
     0.01640625
    ],
    "n": 120
   },
   "hindsight_minus_online": {
    "mean": 0.09583333333333334,
    "ci95": [
     0.055989583333333336,
     0.13359374999999998
    ],
    "n": 120
   },
   "hindsight_minus_repair": {
    "mean": 0.09166666666666666,
    "ci95": [
     0.05416666666666667,
     0.13125
    ],
    "n": 120
   },
   "hindsight_time_minus_repair_sec": {
    "mean": 420.6849065806047,
    "ci95": [
     281.81560602131873,
     557.330125771186
    ],
    "n": 120
   },
   "hindsight_time_minus_online_sec": {
    "mean": -384.45388875015743,
    "ci95": [
     -506.2232173603688,
     -253.56690847760507
    ],
    "n": 120
   }
  },
  "high": {
   "online_minus_repair": {
    "mean": -0.0010416666666666667,
    "ci95": [
     -0.04661458333333333,
     0.05104166666666667
    ],
    "n": 120
   },
   "hindsight_minus_online": {
    "mean": 0.165625,
    "ci95": [
     0.14322916666666666,
     0.18984375
    ],
    "n": 120
   },
   "hindsight_minus_repair": {
    "mean": 0.16458333333333333,
    "ci95": [
     0.11041666666666668,
     0.22916666666666666
    ],
    "n": 120
   },
   "hindsight_time_minus_repair_sec": {
    "mean": 564.9992143355606,
    "ci95": [
     383.09515920388367,
     748.3962324208937
    ],
    "n": 120
   },
   "hindsight_time_minus_online_sec": {
    "mean": -323.9210178972001,
    "ci95": [
     -439.3397350220428,
     -202.73404968160304
    ],
    "n": 120
   }
  }
 }
}