{
  "variant": "osrm",
  "seeds": [
    12345,
    13345,
    14345,
    15345,
    16345
  ],
  "buckets": {
    "low": {
      "n_episodes_pooled": 200,
      "method_means": {
        "policy_v2_greedy": {
          "delivered_mean": 18.905,
          "time_mean": 14547.818733146032
        },
        "policy_v2_samplexN": {
          "delivered_mean": 18.9275,
          "time_mean": 14412.784977298965
        },
        "policy_v1_samplexN": {
          "delivered_mean": 18.93625,
          "time_mean": 14500.504464262513
        },
        "rolling_or": {
          "delivered_mean": 18.89875,
          "time_mean": 13720.822718640651
        },
        "repair_nn2opt": {
          "delivered_mean": 18.88125,
          "time_mean": 14257.730810244051
        },
        "reactive_nn": {
          "delivered_mean": 18.89,
          "time_mean": 15289.72855878288
        }
      },
      "pairs": {
        "v2x8_minus_repair": {
          "delivered_delta_mean": 0.04625,
          "delivered_delta_ci95": [
            0.02875,
            0.06375
          ],
          "delivered_wilcoxon_p": 1.013608541042475e-06,
          "time_delta_mean": 155.0541670549161,
          "time_delta_ci95": [
            101.28469680010286,
            209.0411389040596
          ],
          "time_wilcoxon_p": 5.7994581020391696e-08,
          "delivered_win_tie_loss": [
            39,
            155,
            6
          ],
          "per_seed_delivered_delta": [
            0.0563,
            0.05,
            0.0312,
            0.0187,
            0.075
          ]
        },
        "v2x8_minus_rolling_or": {
          "delivered_delta_mean": 0.02875,
          "delivered_delta_ci95": [
            0.01375,
            0.04375
          ],
          "delivered_wilcoxon_p": 0.00023055262079589353,
          "time_delta_mean": 691.9622586583138,
          "time_delta_ci95": [
            649.6589606810415,
            734.4620226449952
          ],
          "time_wilcoxon_p": 1.7465265977615162e-34,
          "delivered_win_tie_loss": [
            29,
            164,
            7
          ],
          "per_seed_delivered_delta": [
            0.05,
            0.0312,
            0.025,
            0.0063,
            0.0312
          ]
        },
        "v2x8_minus_v1x8": {
          "delivered_delta_mean": -0.00875,
          "delivered_delta_ci95": [
            -0.0175,
            -0.00125
          ],
          "delivered_wilcoxon_p": 0.034808478811867126,
          "time_delta_mean": -87.71948696354849,
          "time_delta_ci95": [
            -119.30457846156904,
            -56.41713026781636
          ],
          "time_wilcoxon_p": 2.0418719703130388e-07,
          "delivered_win_tie_loss": [
            2,
            189,
            9
          ],
          "per_seed_delivered_delta": [
            -0.0312,
            0.0,
            -0.0063,
            -0.0063,
            0.0
          ]
        },
        "v1x8_minus_repair": {
          "delivered_delta_mean": 0.055,
          "delivered_delta_ci95": [
            0.0375,
            0.0725
          ],
          "delivered_wilcoxon_p": 2.6620467967376734e-08,
          "time_delta_mean": 242.77365401846458,
          "time_delta_ci95": [
            184.35940075990445,
            301.8624118255477
          ],
          "time_wilcoxon_p": 4.504434671409524e-14,
          "delivered_win_tie_loss": [
            43,
            153,
            4
          ],
          "per_seed_delivered_delta": [
            0.0875,
            0.05,
            0.0375,
            0.025,
            0.075
          ]
        },
        "v1x8_minus_rolling_or": {
          "delivered_delta_mean": 0.0375,
          "delivered_delta_ci95": [
            0.02375,
            0.0525
          ],
          "delivered_wilcoxon_p": 2.1524958982130892e-06,
          "time_delta_mean": 779.6817456218622,
          "time_delta_ci95": [
            734.5560193463431,
            825.9675680657074
          ],
          "time_wilcoxon_p": 1.5484416002283044e-34,
          "delivered_win_tie_loss": [
            31,
            166,
            3
          ],
          "per_seed_delivered_delta": [
            0.0813,
            0.0312,
            0.0312,
            0.0125,
            0.0312
          ]
        },
        "v2greedy_minus_repair": {
          "delivered_delta_mean": 0.02375,
          "delivered_delta_ci95": [
            0.00625,
            0.04125
          ],
          "delivered_wilcoxon_p": 0.01063685489874968,
          "time_delta_mean": 290.08792290198573,
          "time_delta_ci95": [
            233.05291820116082,
            347.3219545126372
          ],
          "time_wilcoxon_p": 4.1637656095304093e-17,
          "delivered_win_tie_loss": [
            28,
            160,
            12
          ],
          "per_seed_delivered_delta": [
            0.0312,
            0.0375,
            0.0125,
            -0.0063,
            0.0437
          ]
        },
        "repair_minus_rolling_or": {
          "delivered_delta_mean": -0.0175,
          "delivered_delta_ci95": [
            -0.03375,
            -0.00125
          ],
          "delivered_wilcoxon_p": 0.038723299440571665,
          "time_delta_mean": 536.9080916033977,
          "time_delta_ci95": [
            490.78728747484035,
            585.3200260861664
          ],
          "time_wilcoxon_p": 5.454917046581167e-34,
          "delivered_win_tie_loss": [
            14,
            160,
            26
          ],
          "per_seed_delivered_delta": [
            -0.0063,
            -0.0187,
            -0.0063,
            -0.0125,
            -0.0437
          ]
        },
        "repair_minus_reactive_nn": {
          "delivered_delta_mean": -0.00875,
          "delivered_delta_ci95": [
            -0.02375,
            0.00625
          ],
          "delivered_wilcoxon_p": 0.24981744183594812,
          "time_delta_mean": -1031.9977485388301,
          "time_delta_ci95": [
            -1098.9108252220512,
            -964.483412623279
          ],
          "time_wilcoxon_p": 1.7144516859747095e-33,
          "delivered_win_tie_loss": [
            13,
            166,
            21
          ],
          "per_seed_delivered_delta": [
            0.0,
            -0.0187,
            0.0,
            -0.0125,
            -0.0125
          ]
        }
      }
    },
    "medium": {
      "n_episodes_pooled": 200,
      "method_means": {
        "policy_v2_greedy": {
          "delivered_mean": 18.7825,
          "time_mean": 14835.876352768717
        },
        "policy_v2_samplexN": {
          "delivered_mean": 18.85125,
          "time_mean": 14688.965539804158
        },
        "policy_v1_samplexN": {
          "delivered_mean": 18.865,
          "time_mean": 14772.737333906338
        },
        "rolling_or": {
          "delivered_mean": 18.7875,
          "time_mean": 13938.284247229802
        },
        "repair_nn2opt": {
          "delivered_mean": 18.7925,
          "time_mean": 14501.014552604964
        },
        "reactive_nn": {
          "delivered_mean": 18.78375,
          "time_mean": 15479.16043791439
        }
      },
      "pairs": {
        "v2x8_minus_repair": {
          "delivered_delta_mean": 0.05875,
          "delivered_delta_ci95": [
            0.03625,
            0.08125
          ],
          "delivered_wilcoxon_p": 1.4286593323980687e-06,
          "time_delta_mean": 187.9509871991905,
          "time_delta_ci95": [
            116.32455228609902,
            261.937314537265
          ],
          "time_wilcoxon_p": 3.3577337096607122e-06,
          "delivered_win_tie_loss": [
            53,
            132,
            15
          ],
          "per_seed_delivered_delta": [
            0.0625,
            0.0375,
            0.0375,
            0.0625,
            0.0938
          ]
        },