{
  "variant": "synthetic",
  "seeds": [
    12345,
    13345,
    14345,
    15345,
    16345
  ],
  "buckets": {
    "low": {
      "n_episodes_pooled": 200,
      "method_means": {
        "policy_v2_greedy": {
          "delivered_mean": 18.90375,
          "time_mean": 2502.950023916752
        },
        "policy_v2_samplexN": {
          "delivered_mean": 18.9275,
          "time_mean": 2456.35670173119
        },
        "policy_v1_samplexN": {
          "delivered_mean": 18.9375,
          "time_mean": 2479.3021240433454
        },
        "rolling_or": {
          "delivered_mean": 18.90125,
          "time_mean": 2275.963504935747
        },
        "repair_nn2opt": {
          "delivered_mean": 18.9025,
          "time_mean": 2501.608445902392
        },
        "reactive_nn": {
          "delivered_mean": 18.9,
          "time_mean": 2681.4728619549
        }
      },
      "pairs": {
        "v2x8_minus_repair": {
          "delivered_delta_mean": 0.025,
          "delivered_delta_ci95": [
            0.01,
            0.04
          ],
          "delivered_wilcoxon_p": 0.00156571262062098,
          "time_delta_mean": -45.25174417120181,
          "time_delta_ci95": [
            -62.23471051217367,
            -28.523764905854755
          ],
          "time_wilcoxon_p": 1.6147082900623784e-06,
          "delivered_win_tie_loss": [
            26,
            166,
            8
          ],
          "per_seed_delivered_delta": [
            0.0375,
            0.0312,
            0.025,
            0.0063,
            0.025
          ]
        },
        "v2x8_minus_rolling_or": {
          "delivered_delta_mean": 0.02625,
          "delivered_delta_ci95": [
            0.0125,
            0.04
          ],
          "delivered_wilcoxon_p": 0.0003857467556820066,
          "time_delta_mean": 180.3931967954428,
          "time_delta_ci95": [
            168.07821231029095,
            193.12958152513175
          ],
          "time_wilcoxon_p": 2.323679926852866e-34,
          "delivered_win_tie_loss": [
            26,
            168,
            6
          ],
          "per_seed_delivered_delta": [
            0.0187,
            0.0063,
            0.05,
            0.0187,
            0.0375
          ]
        },
        "v2x8_minus_v1x8": {
          "delivered_delta_mean": -0.01,
          "delivered_delta_ci95": [
            -0.0175,
            -0.0025
          ],
          "delivered_wilcoxon_p": 0.011412036386001648,
          "time_delta_mean": -22.94542231215537,
          "time_delta_ci95": [
            -33.8263967573194,
            -12.665932274911553
          ],
          "time_wilcoxon_p": 0.00019440530188670723,
          "delivered_win_tie_loss": [
            1,
            190,
            9
          ],
          "per_seed_delivered_delta": [
            -0.0063,
            0.0,
            -0.0125,
            -0.0063,
            -0.025
          ]
        },
        "v1x8_minus_repair": {
          "delivered_delta_mean": 0.035,
          "delivered_delta_ci95": [
            0.02125,
            0.05
          ],
          "delivered_wilcoxon_p": 9.721069469291787e-06,
          "time_delta_mean": -22.306321859046438,
          "time_delta_ci95": [
            -40.07048383745509,
            -5.054893746455485
          ],
          "time_wilcoxon_p": 0.022942114394463774,
          "delivered_win_tie_loss": [
            30,
            166,
            4
          ],
          "per_seed_delivered_delta": [
            0.0437,
            0.0312,
            0.0375,
            0.0125,
            0.05
          ]
        },
        "v1x8_minus_rolling_or": {
          "delivered_delta_mean": 0.03625,
          "delivered_delta_ci95": [
            0.0225,
            0.05125
          ],
          "delivered_wilcoxon_p": 3.42197110897684e-06,
          "time_delta_mean": 203.33861910759822,
          "time_delta_ci95": [
            190.3825517295564,
            216.80574491217487
          ],
          "time_wilcoxon_p": 1.4361464127613523e-34,
          "delivered_win_tie_loss": [
            32,
            164,
            4
          ],
          "per_seed_delivered_delta": [
            0.025,
            0.0063,
            0.0625,
            0.025,
            0.0625
          ]
        },
        "v2greedy_minus_repair": {
          "delivered_delta_mean": 0.00125,
          "delivered_delta_ci95": [
            -0.0125,
            0.01625
          ],
          "delivered_wilcoxon_p": 0.8657723749926214,
          "time_delta_mean": 1.3415780143599476,
          "time_delta_ci95": [
            -17.43084319686468,
            20.01207699266677
          ],
          "time_wilcoxon_p": 0.7252815218848135,
          "delivered_win_tie_loss": [
            18,
            165,
            17
          ],
          "per_seed_delivered_delta": [
            0.0125,
            0.0125,
            -0.0063,
            -0.025,
            0.0125
          ]
        },
        "repair_minus_rolling_or": {
          "delivered_delta_mean": 0.00125,
          "delivered_delta_ci95": [
            -0.01125,
            0.01375
          ],
          "delivered_wilcoxon_p": 0.8473896596867143,
          "time_delta_mean": 225.64494096664464,
          "time_delta_ci95": [
            212.36855844108982,
            239.31936166023658
          ],
          "time_wilcoxon_p": 1.5025132576170275e-34,
          "delivered_win_tie_loss": [
            13,
            176,
            11
          ],
          "per_seed_delivered_delta": [
            -0.0187,
            -0.025,
            0.025,
            0.0125,
            0.0125
          ]
        },
        "repair_minus_reactive_nn": {
          "delivered_delta_mean": 0.0025,
          "delivered_delta_ci95": [
            -0.01125,
            0.01625
          ],
          "delivered_wilcoxon_p": 0.7236736098317631,
          "time_delta_mean": -179.86441605250778,
          "time_delta_ci95": [
            -197.9916864086028,
            -161.41998548253028
          ],
          "time_wilcoxon_p": 2.8377005715565836e-31,
          "delivered_win_tie_loss": [
            16,
            171,
            13
          ],
          "per_seed_delivered_delta": [
            0.0063,
            -0.0187,
            0.0125,
            0.0187,
            -0.0063
          ]
        }
      }
    },
    "medium": {
      "n_episodes_pooled": 200,
      "method_means": {
        "policy_v2_greedy": {
          "delivered_mean": 18.7975,
          "time_mean": 2583.673764104068
        },
        "policy_v2_samplexN": {
          "delivered_mean": 18.8675,
          "time_mean": 2545.4616575507393
        },
        "policy_v1_samplexN": {
          "delivered_mean": 18.8775,
          "time_mean": 2571.592587818146
        },
        "rolling_or": {
          "delivered_mean": 18.79875,
          "time_mean": 2338.433809896865
        },
        "repair_nn2opt": {
          "delivered_mean": 18.795,
          "time_mean": 2599.0342188875743
        },
        "reactive_nn": {
          "delivered_mean": 18.795,
          "time_mean": 2725.535789484231
        }
      },
      "pairs": {
        "v2x8_minus_repair": {
          "delivered_delta_mean": 0.0725,
          "delivered_delta_ci95": [
            0.05125,
            0.095
          ],
          "delivered_wilcoxon_p": 2.709602537223652e-09,
          "time_delta_mean": -53.57256133683506,
          "time_delta_ci95": [
            -76.31442689835959,
            -30.400055369865168
          ],
          "time_wilcoxon_p": 4.150460396960996e-06,
          "delivered_win_tie_loss": [
            58,
            133,
            9
          ],
          "per_seed_delivered_delta": [
            0.0875,
            0.0125,
            0.0938,
            0.0875,
            0.0813
          ]
        },
        "v2x8_minus_rolling_or": {
          "delivered_delta_mean": 0.06875,