{
  "variant": "n100",
  "seeds": [
    12345,
    13345,
    14345,
    15345,
    16345
  ],
  "buckets": {
    "low": {
      "n_episodes_pooled": 50,
      "method_means": {
        "policy_v2_greedy": {
          "delivered_mean": 98.56,
          "time_mean": 7489.137796414413
        },
        "policy_v2_samplexN": {
          "delivered_mean": 98.71,
          "time_mean": 8944.429470405625
        },
        "policy_v1_samplexN": {
          "delivered_mean": 98.74,
          "time_mean": 8734.990789207503
        },
        "rolling_or": {
          "delivered_mean": 98.5,
          "time_mean": 5846.382108828865
        },
        "repair_nn2opt": {
          "delivered_mean": 98.455,
          "time_mean": 6863.780145165869
        },
        "reactive_nn": {
          "delivered_mean": 98.51,
          "time_mean": 6219.529677163634
        }
      },
      "pairs": {
        "v2x8_minus_repair": {
          "delivered_delta_mean": 0.255,
          "delivered_delta_ci95": [
            0.18,
            0.335
          ],
          "delivered_wilcoxon_p": 2.5896267870774968e-06,
          "time_delta_mean": 2080.649325239756,
          "time_delta_ci95": [
            1918.1614680441255,
            2242.736875063921
          ],
          "time_wilcoxon_p": 1.7763568394002505e-15,
          "delivered_win_tie_loss": [
            33,
            15,
            2
          ],
          "per_seed_delivered_delta": [
            0.25,
            0.25,
            0.2,
            0.35,
            0.225
          ]
        },
        "v2x8_minus_rolling_or": {
          "delivered_delta_mean": 0.21,
          "delivered_delta_ci95": [
            0.145,
            0.275
          ],
          "delivered_wilcoxon_p": 5.201886827130988e-06,
          "time_delta_mean": 3098.0473615767605,
          "time_delta_ci95": [
            2958.394452091585,
            3236.7445159644103
          ],
          "time_wilcoxon_p": 1.7763568394002505e-15,
          "delivered_win_tie_loss": [
            33,
            14,
            3
          ],
          "per_seed_delivered_delta": [
            0.15,
            0.25,
            0.125,
            0.325,
            0.2
          ]
        },
        "v2x8_minus_v1x8": {
          "delivered_delta_mean": -0.03,
          "delivered_delta_ci95": [
            -0.065,
            0.0
          ],
          "delivered_wilcoxon_p": 0.0832645166635504,
          "time_delta_mean": 209.43868119812313,
          "time_delta_ci95": [
            90.62789176482214,
            328.8724213378964
          ],
          "time_wilcoxon_p": 0.0013303578723942167,
          "delivered_win_tie_loss": [
            3,
            38,
            9
          ],
          "per_seed_delivered_delta": [
            -0.075,
            0.0,
            -0.05,
            0.0,
            -0.025
          ]
        },
        "v1x8_minus_repair": {
          "delivered_delta_mean": 0.285,
          "delivered_delta_ci95": [
            0.21,
            0.36
          ],
          "delivered_wilcoxon_p": 2.2115305339753477e-07,
          "time_delta_mean": 1871.2106440416328,
          "time_delta_ci95": [
            1713.6198014958425,
            2027.0146514217615
          ],
          "time_wilcoxon_p": 1.7763568394002505e-15,
          "delivered_win_tie_loss": [
            36,
            12,
            2
          ],
          "per_seed_delivered_delta": [
            0.325,
            0.25,
            0.25,
            0.35,
            0.25
          ]
        },
        "v1x8_minus_rolling_or": {
          "delivered_delta_mean": 0.24,
          "delivered_delta_ci95": [
            0.18,
            0.3
          ],
          "delivered_wilcoxon_p": 2.6572672152795664e-07,
          "time_delta_mean": 2888.608680378637,
          "time_delta_ci95": [
            2752.876302863849,
            3020.071153307931
          ],
          "time_wilcoxon_p": 1.7763568394002505e-15,
          "delivered_win_tie_loss": [
            34,
            15,
            1
          ],
          "per_seed_delivered_delta": [
            0.225,
            0.25,
            0.175,
            0.325,
            0.225
          ]
        },
        "v2greedy_minus_repair": {
          "delivered_delta_mean": 0.105,
          "delivered_delta_ci95": [
            0.025,
            0.185
          ],
          "delivered_wilcoxon_p": 0.01131875675100183,
          "time_delta_mean": 625.3576512485425,
          "time_delta_ci95": [
            479.9364961825894,
            771.0353871707698
          ],
          "time_wilcoxon_p": 7.151434999741468e-11,
          "delivered_win_tie_loss": [
            23,
            19,
            8
          ],
          "per_seed_delivered_delta": [
            0.1,
            0.175,
            0.125,
            0.15,
            -0.025
          ]
        },
        "repair_minus_rolling_or": {
          "delivered_delta_mean": -0.045,
          "delivered_delta_ci95": [
            -0.115,
            0.025
          ],
          "delivered_wilcoxon_p": 0.18929433294290576,
          "time_delta_mean": 1017.3980363370042,
          "time_delta_ci95": [
            892.0282504633553,
            1142.6450244653581
          ],
          "time_wilcoxon_p": 1.7763568394002505e-15,
          "delivered_win_tie_loss": [
            14,
            18,
            18
          ],
          "per_seed_delivered_delta": [
            -0.1,
            0.0,
            -0.075,
            -0.025,
            -0.025
          ]
        },
        "repair_minus_reactive_nn": {
          "delivered_delta_mean": -0.055,
          "delivered_delta_ci95": [
            -0.115,
            0.005
          ],
          "delivered_wilcoxon_p": 0.0831870057298819,
          "time_delta_mean": 644.2504680022363,
          "time_delta_ci95": [
            491.43603730652717,
            797.1929163542603
          ],
          "time_wilcoxon_p": 3.863753761379485e-11,
          "delivered_win_tie_loss": [
            9,
            25,
            16
          ],
          "per_seed_delivered_delta": [
            -0.05,
            -0.025,
            -0.125,
            -0.025,
            -0.05
          ]
        }
      }
    },
    "medium": {
      "n_episodes_pooled": 50,
      "method_means": {
        "policy_v2_greedy": {
          "delivered_mean": 97.76,
          "time_mean": 8146.274907679119
        },
        "policy_v2_samplexN": {
          "delivered_mean": 98.05,
          "time_mean": 9586.736373202717
        },
        "policy_v1_samplexN": {
          "delivered_mean": 98.075,
          "time_mean": 9692.264556960954
        },
        "rolling_or": {
          "delivered_mean": 97.75,
          "time_mean": 6166.808563830471
        },
        "repair_nn2opt": {
          "delivered_mean": 97.745,
          "time_mean": 7679.026012267103
        },
        "reactive_nn": {
          "delivered_mean": 97.73,
          "time_mean": 6370.283766045939
        }
      },
      "pairs": {
        "v2x8_minus_repair": {
          "delivered_delta_mean": 0.305,
          "delivered_delta_ci95": [
            0.185,
            0.43
          ],
          "delivered_wilcoxon_p": 2.7987105334883497e-05,
          "time_delta_mean": 1907.7103609356145,
          "time_delta_ci95": [
            1684.8235923488537,
            2116.674847823937
          ],
          "time_wilcoxon_p": 1.2434497875801753e-14,
          "delivered_win_tie_loss": [
            34,
            7,
            9
          ],
          "per_seed_delivered_delta": [
            0.3,
            0.375,
            0.2,
            0.4,
            0.25
          ]
        },
        "v2x8_minus_rolling_or": {
          "delivered_delta_mean": 0.3,
          "delivered_delta_ci95": [
            0.195,
            0.41
          ],
          "delivered_wilcoxon_p": 7.233503012007174e-06,