{
  "variant": "london",
  "seeds": [
    12345,
    13345,
    14345,
    15345,
    16345
  ],
  "buckets": {
    "low": {
      "n_episodes_pooled": 200,
      "method_means": {
        "policy_v2_greedy": {
          "delivered_mean": 18.88875,
          "time_mean": 9909.973058193409
        },
        "policy_v2_samplexN": {
          "delivered_mean": 18.92875,
          "time_mean": 9863.518055656918
        },
        "policy_v1_samplexN": {
          "delivered_mean": 18.9325,
          "time_mean": 9961.386854160572
        },
        "rolling_or": {
          "delivered_mean": 18.89375,
          "time_mean": 9437.636225591516
        },
        "repair_nn2opt": {
          "delivered_mean": 18.88875,
          "time_mean": 9820.752841232132
        },
        "reactive_nn": {
          "delivered_mean": 18.885,
          "time_mean": 10372.504148620683
        }
      },
      "pairs": {
        "v2x8_minus_repair": {
          "delivered_delta_mean": 0.04,
          "delivered_delta_ci95": [
            0.025,
            0.05625
          ],
          "delivered_wilcoxon_p": 2.5020792489899404e-06,
          "time_delta_mean": 42.7652144247855,
          "time_delta_ci95": [
            -1.6113084817894767,
            87.36898674172532
          ],
          "time_wilcoxon_p": 0.06452168707110002,
          "delivered_win_tie_loss": [
            33,
            163,
            4
          ],
          "per_seed_delivered_delta": [
            0.0312,
            0.0375,
            0.05,
            0.0375,
            0.0437
          ]
        },
        "v2x8_minus_rolling_or": {
          "delivered_delta_mean": 0.035,
          "delivered_delta_ci95": [
            0.02125,
            0.05
          ],
          "delivered_wilcoxon_p": 5.7016412756812285e-06,
          "time_delta_mean": 425.881830065402,
          "time_delta_ci95": [
            387.2918325494249,
            464.94724975174637
          ],
          "time_wilcoxon_p": 1.9880855600033537e-33,
          "delivered_win_tie_loss": [
            29,
            168,
            3
          ],
          "per_seed_delivered_delta": [
            0.0563,
            0.0312,
            0.0312,
            0.0187,
            0.0375
          ]
        },
        "v2x8_minus_v1x8": {
          "delivered_delta_mean": -0.00375,
          "delivered_delta_ci95": [
            -0.01125,
            0.00375
          ],
          "delivered_wilcoxon_p": 0.31731050786291415,
          "time_delta_mean": -97.86879850365509,
          "time_delta_ci95": [
            -127.38527943325404,
            -67.93163977016135
          ],
          "time_wilcoxon_p": 7.420695245945099e-11,
          "delivered_win_tie_loss": [
            3,
            191,
            6
          ],
          "per_seed_delivered_delta": [
            -0.0063,
            0.0,
            0.0,
            0.0,
            -0.0125
          ]
        },
        "v1x8_minus_repair": {
          "delivered_delta_mean": 0.04375,
          "delivered_delta_ci95": [
            0.0275,
            0.06
          ],
          "delivered_wilcoxon_p": 1.0452286033348108e-06,
          "time_delta_mean": 140.6340129284406,
          "time_delta_ci95": [
            93.39952802406775,
            188.01509229147322
          ],
          "time_wilcoxon_p": 5.190252844428339e-09,
          "delivered_win_tie_loss": [
            35,
            161,
            4
          ],
          "per_seed_delivered_delta": [
            0.0375,
            0.0375,
            0.05,
            0.0375,
            0.0563
          ]
        },
        "v1x8_minus_rolling_or": {
          "delivered_delta_mean": 0.03875,
          "delivered_delta_ci95": [
            0.025,
            0.0525
          ],
          "delivered_wilcoxon_p": 3.4623067279760037e-07,
          "time_delta_mean": 523.7506285690572,
          "time_delta_ci95": [
            484.5266785401857,
            563.8904386410513
          ],
          "time_wilcoxon_p": 3.868068868241479e-34,
          "delivered_win_tie_loss": [
            32,
            166,
            2
          ],
          "per_seed_delivered_delta": [
            0.0625,
            0.0312,
            0.0312,
            0.0187,
            0.05
          ]
        },
        "v2greedy_minus_repair": {
          "delivered_delta_mean": 0.0,
          "delivered_delta_ci95": [
            -0.01375,
            0.01375
          ],
          "delivered_wilcoxon_p": 0.9899085462805509,
          "time_delta_mean": 89.22021696127824,
          "time_delta_ci95": [
            45.13474989264452,
            132.70509412854906
          ],
          "time_wilcoxon_p": 8.192109615963619e-05,
          "delivered_win_tie_loss": [
            15,
            172,
            13
          ],
          "per_seed_delivered_delta": [
            -0.0125,
            0.0125,
            0.0125,
            0.0,
            -0.0125
          ]
        },
        "repair_minus_rolling_or": {
          "delivered_delta_mean": -0.005,
          "delivered_delta_ci95": [
            -0.01875,
            0.00875
          ],
          "delivered_wilcoxon_p": 0.46780543637770966,
          "time_delta_mean": 383.1166156406165,
          "time_delta_ci95": [
            348.0344788457705,
            417.2306396668334
          ],
          "time_wilcoxon_p": 6.007744217770327e-33,
          "delivered_win_tie_loss": [
            10,
            176,
            14
          ],
          "per_seed_delivered_delta": [
            0.025,
            -0.0063,
            -0.0187,
            -0.0187,
            -0.0063
          ]
        },
        "repair_minus_reactive_nn": {
          "delivered_delta_mean": 0.00375,
          "delivered_delta_ci95": [
            -0.00875,
            0.01625
          ],
          "delivered_wilcoxon_p": 0.5485062355001472,
          "time_delta_mean": -551.7513073885515,
          "time_delta_ci95": [
            -598.31283088349,
            -503.637501226705
          ],
          "time_wilcoxon_p": 8.494986873558107e-32,
          "delivered_win_tie_loss": [
            12,
            178,
            10
          ],
          "per_seed_delivered_delta": [
            0.0125,
            0.0,
            0.0063,
            -0.0063,
            0.0063
          ]
        }
      }
    },
    "medium": {
      "n_episodes_pooled": 200,
      "method_means": {
        "policy_v2_greedy": {
          "delivered_mean": 18.79625,
          "time_mean": 10282.803089840647
        },
        "policy_v2_samplexN": {
          "delivered_mean": 18.855,
          "time_mean": 10163.969819641556
        },
        "policy_v1_samplexN": {
          "delivered_mean": 18.86375,
          "time_mean": 10265.050635093357
        },
        "rolling_or": {
          "delivered_mean": 18.7925,
          "time_mean": 9650.638104307709
        },
        "repair_nn2opt": {
          "delivered_mean": 18.79375,
          "time_mean": 10083.38111479598
        },
        "reactive_nn": {
          "delivered_mean": 18.78625,
          "time_mean": 10603.73704463946
        }
      },
      "pairs": {
        "v2x8_minus_repair": {
          "delivered_delta_mean": 0.06125,
          "delivered_delta_ci95": [
            0.03875,
            0.08378124999999728
          ],
          "delivered_wilcoxon_p": 8.929253756969258e-07,
          "time_delta_mean": 80.5887048455765,
          "time_delta_ci95": [
            21.103949296103163,
            140.25394611412733
          ],
          "time_wilcoxon_p": 0.01276111241597912,
          "delivered_win_tie_loss": [
            52,
            136,
            12
          ],
          "per_seed_delivered_delta": [
            0.0625,
            0.025,
            0.0437,
            0.0938,
            0.0813
          ]
        },
        "v2x8_minus_rolling_or": {
          "delivered_delta_mean": 0.0625,