{
  "variant": "osrm",
  "seeds": [
    12345,
    13345,
    14345,
    15345,
    16345
  ],
  "buckets": {
    "low": {
      "n_episodes_pooled": 200,
      "method_means": {
        "policy_greedy": {
          "delivered_mean": 18.88,
          "time_mean": 14501.07692512942
        },
        "policy_samplexN": {
          "delivered_mean": 18.93125,
          "time_mean": 14512.01965357297
        },
        "rolling_or": {
          "delivered_mean": 18.87875,
          "time_mean": 13751.761401062593
        },
        "repair_nn2opt": {
          "delivered_mean": 18.86875,
          "time_mean": 14219.504890292432
        },
        "reactive_nn": {
          "delivered_mean": 18.86375,
          "time_mean": 15350.06682940369
        }
      },
      "pairs": {
        "policy_samplexN_minus_repair": {
          "delivered_delta_mean": 0.0625,
          "delivered_delta_ci95": [
            0.04375,
            0.0825
          ],
          "delivered_wilcoxon_p": 6.482637410321286e-09,
          "time_delta_mean": 292.51476328054173,
          "time_delta_ci95": [
            247.06961487346146,
            337.4134716910454
          ],
          "time_wilcoxon_p": 8.172388404081295e-24,
          "delivered_win_tie_loss": [
            54,
            138,
            8
          ],
          "per_seed_delivered_delta": [
            0.0563,
            0.05,
            0.0437,
            0.0875,
            0.075
          ]
        },
        "policy_samplexN_minus_rolling_or": {
          "delivered_delta_mean": 0.0525,
          "delivered_delta_ci95": [
            0.03625,
            0.07
          ],
          "delivered_wilcoxon_p": 6.813976162621244e-08,
          "time_delta_mean": 760.2582525103786,
          "time_delta_ci95": [
            718.6957652141821,
            802.4558564489386
          ],
          "time_wilcoxon_p": 2.4307160449262635e-34,
          "delivered_win_tie_loss": [
            41,
            155,
            4
          ],
          "per_seed_delivered_delta": [
            0.05,
            0.05,
            0.0437,
            0.0625,
            0.0563
          ]
        },
        "policy_greedy_minus_repair": {
          "delivered_delta_mean": 0.01125,
          "delivered_delta_ci95": [
            -0.01,
            0.0325
          ],
          "delivered_wilcoxon_p": 0.26046782864206874,
          "time_delta_mean": 281.57203483698663,
          "time_delta_ci95": [
            237.2002504430478,
            324.9519882162895
          ],
          "time_wilcoxon_p": 9.936600356892925e-23,
          "delivered_win_tie_loss": [
            33,
            146,
            21
          ],
          "per_seed_delivered_delta": [
            -0.0125,
            0.0,
            -0.0187,
            0.0563,
            0.0312
          ]
        },
        "repair_minus_rolling_or": {
          "delivered_delta_mean": -0.01,
          "delivered_delta_ci95": [
            -0.02625,
            0.00625
          ],
          "delivered_wilcoxon_p": 0.22581799795318314,
          "time_delta_mean": 467.743489229837,
          "time_delta_ci95": [
            435.42992997640334,
            500.5905347740462
          ],
          "time_wilcoxon_p": 6.3327533355577775e-34,
          "delivered_win_tie_loss": [
            16,
            162,
            22
          ],
          "per_seed_delivered_delta": [
            -0.0063,
            0.0,
            0.0,
            -0.025,
            -0.0187
          ]
        },
        "repair_minus_reactive_nn": {
          "delivered_delta_mean": 0.005,
          "delivered_delta_ci95": [
            -0.01125,
            0.02125
          ],
          "delivered_wilcoxon_p": 0.5432439506486716,
          "time_delta_mean": -1130.5619391112577,
          "time_delta_ci95": [
            -1179.1831164395192,
            -1082.605119647839
          ],
          "time_wilcoxon_p": 1.4361464127613523e-34,
          "delivered_win_tie_loss": [
            18,
            166,
            16
          ],
          "per_seed_delivered_delta": [
            -0.0125,
            0.0125,
            0.025,
            0.0063,
            -0.0063
          ]
        }
      }
    },
    "medium": {
      "n_episodes_pooled": 200,
      "method_means": {
        "policy_greedy": {
          "delivered_mean": 18.7925,
          "time_mean": 14334.30436927041
        },
        "policy_samplexN": {
          "delivered_mean": 18.8775,
          "time_mean": 14376.593727648993
        },
        "rolling_or": {
          "delivered_mean": 18.79625,
          "time_mean": 13599.10428835617
        },
        "repair_nn2opt": {
          "delivered_mean": 18.7975,
          "time_mean": 14053.305260933053
        },
        "reactive_nn": {
          "delivered_mean": 18.7925,
          "time_mean": 15178.905736749284
        }
      },
      "pairs": {
        "policy_samplexN_minus_repair": {
          "delivered_delta_mean": 0.08,
          "delivered_delta_ci95": [
            0.0575,
            0.10375
          ],
          "delivered_wilcoxon_p": 1.8990534507870754e-10,
          "time_delta_mean": 323.2884667159407,
          "time_delta_ci95": [
            276.29519214819385,
            372.0118398028248
          ],
          "time_wilcoxon_p": 2.438623227985463e-24,
          "delivered_win_tie_loss": [
            62,
            130,
            8
          ],
          "per_seed_delivered_delta": [
            0.0688,
            0.075,
            0.0938,
            0.0938,
            0.0688
          ]
        },
        "policy_samplexN_minus_rolling_or": {
          "delivered_delta_mean": 0.08125,
          "delivered_delta_ci95": [
            0.06,
            0.1025
          ],
          "delivered_wilcoxon_p": 3.559947529132652e-11,
          "time_delta_mean": 777.489439292826,
          "time_delta_ci95": [
            734.2721731536664,
            821.4329280028362
          ],
          "time_wilcoxon_p": 1.4361464127613523e-34,
          "delivered_win_tie_loss": [
            62,
            132,
            6
          ],
          "per_seed_delivered_delta": [
            0.0875,
            0.1,
            0.075,
            0.0813,
            0.0625
          ]
        },
        "policy_greedy_minus_repair": {
          "delivered_delta_mean": -0.005,
          "delivered_delta_ci95": [
            -0.0325,
            0.0225
          ],
          "delivered_wilcoxon_p": 0.5844775151016779,
          "time_delta_mean": 280.9991083373542,
          "time_delta_ci95": [
            237.72675366976875,
            324.58858625677004
          ],
          "time_wilcoxon_p": 2.2811542717597947e-22,
          "delivered_win_tie_loss": [
            33,
            128,
            39
          ],
          "per_seed_delivered_delta": [
            -0.025,
            -0.025,
            0.025,
            -0.0063,
            0.0063
          ]
        },
        "repair_minus_rolling_or": {
          "delivered_delta_mean": 0.00125,
          "delivered_delta_ci95": [
            -0.02125,
            0.02375
          ],
          "delivered_wilcoxon_p": 0.9303291846549446,
          "time_delta_mean": 454.2009725768853,
          "time_delta_ci95": [
            418.1314797973753,
            490.5253548522428
          ],
          "time_wilcoxon_p": 2.632975237563397e-33,
          "delivered_win_tie_loss": [
            29,
            147,
            24
          ],
          "per_seed_delivered_delta": [
            0.0187,
            0.025,
            -0.0187,
            -0.0125,
            -0.0063
          ]
        },
        "repair_minus_reactive_nn": {
          "delivered_delta_mean": 0.005,
          "delivered_delta_ci95": [
            -0.015,
            0.025
          ],
          "delivered_wilcoxon_p": 0.6305370784300546,
          "time_delta_mean": -1125.6004758162273,