{
  "seeds": [
    12345,
    13345,
    14345,
    15345,
    16345
  ],
  "buckets": {
    "low": {
      "n_episodes_pooled": 200,
      "method_means": {
        "policy_greedy": {
          "delivered_mean": 18.87875,
          "time_mean": 2486.4474538604063
        },
        "policy_samplexN": {
          "delivered_mean": 18.9175,
          "time_mean": 2468.913085194276
        },
        "rolling_or": {
          "delivered_mean": 18.87875,
          "time_mean": 2277.970705083054
        },
        "repair_nn2opt": {
          "delivered_mean": 18.89625,
          "time_mean": 2496.1836884181857
        },
        "reactive_nn": {
          "delivered_mean": 18.88875,
          "time_mean": 2681.5500498629026
        }
      },
      "pairs": {
        "policy_samplexN_minus_repair": {
          "delivered_delta_mean": 0.02125,
          "delivered_delta_ci95": [
            0.00625,
            0.0375
          ],
          "time_delta_mean": -27.270603223910047,
          "time_delta_ci95": [
            -41.87330259583098,
            -12.709437033850334
          ],
          "delivered_win_tie_loss": [
            25,
            165,
            10
          ],
          "per_seed_delivered_delta": [
            0.05,
            0.0125,
            0.0125,
            0.025,
            0.0063
          ]
        },
        "policy_samplexN_minus_rolling_or": {
          "delivered_delta_mean": 0.03875,
          "delivered_delta_ci95": [
            0.02375,
            0.055
          ],
          "time_delta_mean": 190.9423801112224,
          "time_delta_ci95": [
            181.43782923836307,
            200.35321517299894
          ],
          "delivered_win_tie_loss": [
            34,
            161,
            5
          ],
          "per_seed_delivered_delta": [
            0.0625,
            0.0312,
            0.025,
            0.0375,
            0.0375
          ]
        },
        "policy_greedy_minus_repair": {
          "delivered_delta_mean": -0.0175,
          "delivered_delta_ci95": [
            -0.035,
            -0.00125
          ],
          "time_delta_mean": -9.736234557779976,
          "time_delta_ci95": [
            -24.06098590841167,
            4.298132299565278
          ],
          "delivered_win_tie_loss": [
            14,
            161,
            25
          ],
          "per_seed_delivered_delta": [
            0.0125,
            -0.0125,
            -0.0187,
            -0.025,
            -0.0437
          ]
        },
        "repair_minus_rolling_or": {
          "delivered_delta_mean": 0.0175,
          "delivered_delta_ci95": [
            0.00375,
            0.0325
          ],
          "time_delta_mean": 218.2129833351325,
          "time_delta_ci95": [
            205.52146004421465,
            230.8855950817756
          ],
          "delivered_win_tie_loss": [
            23,
            167,
            10
          ],
          "per_seed_delivered_delta": [
            0.0125,
            0.0187,
            0.0125,
            0.0125,
            0.0312
          ]
        },
        "repair_minus_reactive_nn": {
          "delivered_delta_mean": 0.0075,
          "delivered_delta_ci95": [
            -0.0025,
            0.0175
          ],
          "time_delta_mean": -185.36636144471618,
          "time_delta_ci95": [
            -200.6600284284312,
            -170.47841846087198
          ],
          "delivered_win_tie_loss": [
            11,
            184,
            5
          ],
          "per_seed_delivered_delta": [
            -0.0063,
            0.025,
            0.0063,
            0.0,
            0.0125
          ]
        }
      }
    },
    "medium": {
      "n_episodes_pooled": 200,
      "method_means": {
        "policy_greedy": {
          "delivered_mean": 18.81875,
          "time_mean": 2488.499733573183
        },
        "policy_samplexN": {
          "delivered_mean": 18.875,
          "time_mean": 2478.350880125008
        },
        "rolling_or": {
          "delivered_mean": 18.79375,
          "time_mean": 2285.3460919679915
        },
        "repair_nn2opt": {
          "delivered_mean": 18.7975,
          "time_mean": 2503.27439967326
        },
        "reactive_nn": {
          "delivered_mean": 18.79375,
          "time_mean": 2691.753497202854
        }
      },
      "pairs": {
        "policy_samplexN_minus_repair": {
          "delivered_delta_mean": 0.0775,
          "delivered_delta_ci95": [
            0.05625,
            0.1
          ],
          "time_delta_mean": -24.92351954825137,
          "time_delta_ci95": [
            -43.38951598020038,
            -7.074333658938817
          ],
          "delivered_win_tie_loss": [
            64,
            126,
            10
          ],
          "per_seed_delivered_delta": [
            0.1187,
            0.075,
            0.0625,
            0.0688,
            0.0625
          ]
        },
        "policy_samplexN_minus_rolling_or": {
          "delivered_delta_mean": 0.08125,
          "delivered_delta_ci95": [
            0.06,
            0.10375
          ],
          "time_delta_mean": 193.00478815701717,
          "time_delta_ci95": [
            180.32853507362873,
            205.56407808640532
          ],
          "delivered_win_tie_loss": [
            61,
            132,
            7
          ],
          "per_seed_delivered_delta": [
            0.1313,
            0.05,
            0.1125,
            0.0625,
            0.05
          ]
        },
        "policy_greedy_minus_repair": {
          "delivered_delta_mean": 0.02125,
          "delivered_delta_ci95": [
            -0.0025,
            0.045
          ],
          "time_delta_mean": -14.774666100076775,
          "time_delta_ci95": [
            -33.77572247612221,
            3.558150657892676
          ],
          "delivered_win_tie_loss": [
            49,
            122,
            29
          ],
          "per_seed_delivered_delta": [
            0.0688,
            0.0187,
            -0.0063,
            0.0312,
            -0.0063
          ]
        },
        "repair_minus_rolling_or": {
          "delivered_delta_mean": 0.00375,
          "delivered_delta_ci95": [
            -0.0175,
            0.025
          ],
          "time_delta_mean": 217.92830770526854,
          "time_delta_ci95": [
            203.69149059933042,
            232.61712731484863
          ],
          "delivered_win_tie_loss": [
            31,
            141,
            28
          ],
          "per_seed_delivered_delta": [
            0.0125,
            -0.025,
            0.05,
            -0.0063,
            -0.0125
          ]
        },
        "repair_minus_reactive_nn": {
          "delivered_delta_mean": 0.00375,
          "delivered_delta_ci95": [
            -0.01125,
            0.01875
          ],
          "time_delta_mean": -188.47909752959404,
          "time_delta_ci95": [
            -205.53616277453173,
            -171.61661250211753
          ],
          "delivered_win_tie_loss": [
            20,
            164,
            16
          ],
          "per_seed_delivered_delta": [
            -0.0125,
            0.0125,
            0.0312,
            0.0,
            -0.0125
          ]
        }
      }
    },
    "high": {
      "n_episodes_pooled": 200,
      "method_means": {
        "policy_greedy": {
          "delivered_mean": 18.665,
          "time_mean": 2532.6811579508376
        },
        "policy_samplexN": {
          "delivered_mean": 18.76875,
          "time_mean": 2534.8218698613514
        },
        "rolling_or": {
          "delivered_mean": 18.67375,
          "time_mean": 2346.014994377007
        },
        "repair_nn2opt": {
          "delivered_mean": 18.65875,
          "time_mean": 2567.169284467163
        },
        "reactive_nn": {
          "delivered_mean": 18.6675,